6048764759382 ,Peter Montgomery,
8924115781565 ,Susan Levy,
7840801609753 ,Michele Brown,
3287115871484 ,Kimberly Olsen,
9894719659342 ,Cody Salazar,
7112201868483 ,Stephanie Lawrence,
9477515917953 ,Nicholas Wilson,
5256012309891 ,Mark Obrien,
6151090321730 ,Allison Coleman,
4131456208709 ,William Gonzalez,
7923022584197 ,Alexis Maldonado,
5642807150842 ,Troy Bell,
5992466109352 ,Mark Gray,
0696027142787 ,Lindsey Smith,
7547063812066 ,Daniel Love,
8913193442176 ,Alison Sloan,
4285124000348 ,Jacob Bradley,
9776582369402 ,Gavin Clarke,
5900422945682 ,John Allen,
4281465461187 ,Ryan Cherry,
1717604522961 ,Bradley Brady,
6016884779361 ,William Green,
6351108731764 ,Andrew Gould,
9213765821972 ,Margaret Henderson,
5773893055508 ,David Mueller,
9471180132040 ,Joan Atkins,
7586880918916 ,Christine Nichols,
7699300248945 ,Scott Hahn,
6660223450076 ,Steve Guzman,
2560976701720 ,Luis Soto,
8536710979519 ,Samuel Mullen,
4183067537510 ,Amanda Scott,
8993318868412 ,Keith Livingston,
6116207660754 ,Benjamin Howard,
5520351923031 ,Elaine Norris,
2271754203557 ,Elizabeth Johns,
2911894262235 ,Cynthia White,
6029061126486 ,Brenda Henderson,
1375806606573 ,Tristan Davis,
1418927626623 ,Gina Mills,
7173407970341 ,Lori Gardner,
6717386401400 ,Joseph Perkins,
7145439101448 ,Joseph Wright,
1644829838168 ,Richard French,
7592211669728 ,Heather Kennedy,
3778570742709 ,Henry Myers,
8116050190443 ,Kenneth Lee,
7562566272852 ,Cody Bailey,
6763373906031 ,Heidi Paul,
3949184567088 ,Taylor Carpenter,
4735400025040 ,Richard Becker,
8373591915587 ,Dawn Boyd,
5138533444864 ,Dr. David Torres,
0777067771113 ,Preston Gutierrez,
7916860237324 ,Emma Graham,
9834789784430 ,Richard Garcia,
3340886016419 ,Michael Warner,
3318453574922 ,Kristen Murphy,
2622812379332 ,Olivia Gomez,
7190895774038 ,Mary Simpson,
8514296354603 ,Nicholas Nixon,
7345240598025 ,Mark Johnson,
0351056237625 ,Matthew Chandler,
6064887091662 ,Charles Melton,
1532302821691 ,Judith Hernandez,
4560071542738 ,Nicolas Sullivan,
7604848708984 ,Amanda Foster,
6570040494388 ,William Bonilla,
1953985225090 ,Tiffany Cox,
5769620290725 ,Tiffany Castillo,
9318642821291 ,Lynn Daniels,
6444064488855 ,Richard Moody,
8296570869305 ,Teresa Frazier,
7039342619737 ,Stephanie Patrick,
3271664465951 ,Johnathan Farmer,
6666097592945 ,Jennifer Mccall,
0195501318705 ,Sarah Landry,
6246292648022 ,Susan Thornton,
8086259118243 ,Erin Erickson,
8727820928051 ,Richard Carr,
8252780818501 ,Lawrence Hudson,
6851250220593 ,Matthew Hale,
0925160759944 ,Regina Gutierrez,
7436151105026 ,Martha Smith,
8771086408115 ,Brett Donaldson,
8400652822223 ,Taylor Murphy,
7603345235326 ,Shawn Taylor,
2906220058000 ,Ashley Carr,
6066953258386 ,Jason Hopkins,
6637636376914 ,Dr. Jacqueline Johnson DDS,
3409561802606 ,Vanessa Hamilton,
7972257629481 ,Haley Fuller,
8034295460486 ,Jason Brooks,
5221952069671 ,Michelle Miller,
8822232308275 ,Lisa Roberts,
1642585826843 ,Wendy Reed,
8466122099813 ,Lindsey Palmer,
9261001575175 ,Dawn Tucker,
2881820286937 ,Jennifer Smith,
6279061965387 ,Manuel Adams,